Cities,Countries
Berlin,Tyskland
Hamburg,Tyskland
Munich,Tyskland
Köln,Tyskland
Frankfurt am Main,Tyskland
Saint-Pierre,Saint-Pierre och Miquelon
Miquelon,Saint-Pierre och Miquelon
N'Djamena,Tchad
Moundou,Tchad
Sarh,Tchad
Abéché,Tchad
Koumra,Tchad
Bangui,Centralafrikanska republiken
Bimbo,Centralafrikanska republiken
Mbaïki,Centralafrikanska republiken
Berbérati,Centralafrikanska republiken
Kaga Bandoro,Centralafrikanska republiken
Zürich,Schweiz
Genève,Schweiz
Basel,Schweiz
Bern,Schweiz
Lausanne,Schweiz
Santo Domingo,Dominikanska republiken
Santiago de los Caballeros,Dominikanska republiken
Santo Domingo Oeste,Dominikanska republiken
Santo Domingo Este,Dominikanska republiken
San Pedro de Macorís,Dominikanska republiken
Guayaquil,Ecuador
Quito,Ecuador
Cuenca,Ecuador
Santo Domingo de los Colorados,Ecuador
Machala,Ecuador
Basseterre,Saint Kitts och Nevis
Fig Tree,Saint Kitts och Nevis
Market Shop,Saint Kitts och Nevis
Saint Paul’s,Saint Kitts och Nevis
Middle Island,Saint Kitts och Nevis
Djibouti,Djibouti
'Ali Sabieh,Djibouti
Ḏânan,Djibouti
Tadjourah,Djibouti
Obock,Djibouti
The Valley,Anguilla
Blowing Point Village,Anguilla
Sandy Ground Village,Anguilla
North Side,Anguilla
The Quarter,Anguilla
Gibraltar,Gibraltar
Macau,Macao
Freetown,Sierra Leone
Bo,Sierra Leone
Kenema,Sierra Leone
Koidu,Sierra Leone
Makeni,Sierra Leone
McMurdo Station,Antarktis
East Jerusalem,Palestina
Gaza,Palestina
Khān Yūnis,Palestina
Jabālyā,Palestina
Hebron,Palestina
Grytviken,Sydgeorgien och Sydsandwichöarna
Oslo,Norge
Bergen,Norge
Trondheim,Norge
Stavanger,Norge
Drammen,Norge
Shanghai,Kina
Beijing,Kina
Tianjin,Kina
Guangzhou,Kina
Shenzhen,Kina
Andorra la Vella,Andorra
les Escaldes,Andorra
Encamp,Andorra
Sant Julià de Lòria,Andorra
la Massana,Andorra
Singapore,Singapore
Ouagadougou,Burkina Faso
Bobo-Dioulasso,Burkina Faso
Koudougou,Burkina Faso
Ouahigouya,Burkina Faso
Banfora,Burkina Faso
Tallinn,Estland
Tartu,Estland
Narva,Estland
Kohtla-Järve,Estland
Pärnu,Estland
Funafuti,Tuvalu
Alapi Village,Tuvalu
Fakaifou Village,Tuvalu
Savave Village,Tuvalu
Tanrake Village,Tuvalu
Amsterdam,Nederländerna
Rotterdam,Nederländerna
The Hague,Nederländerna
Utrecht,Nederländerna
Eindhoven,Nederländerna
Juba,Sydsudan
Winejok,Sydsudan
Malakal,Sydsudan
Wau,Sydsudan
Pajok,Sydsudan
Douala,Kamerun
Yaoundé,Kamerun
Garoua,Kamerun
Kousséri,Kamerun
Bamenda,Kamerun
Pyongyang,Nordkorea
Hamhŭng,Nordkorea
Namp’o,Nordkorea
Sunch’ŏn,Nordkorea
Hŭngnam,Nordkorea
Manzini,Swaziland
Mbabane,Swaziland
Big Bend,Swaziland
Malkerns,Swaziland
Nhlangano,Swaziland
Adamstown,Pitcairnöarna
Saint Helier,Jersey
Le Hocq,Jersey
Riga,Lettland
Daugavpils,Lettland
Liepāja,Lettland
Jelgava,Lettland
Jūrmala,Lettland
Monte-Carlo,Monaco
La Condamine,Monaco
Fontvieille,Monaco
Moneghetti,Monaco
Saint-Roman,Monaco
Dushanbe,Tadzjikistan
Khŭjand,Tadzjikistan
Kŭlob,Tadzjikistan
Qŭrghonteppa,Tadzjikistan
Istaravshan,Tadzjikistan
Majuro,Marshallöarna
Ebaye,Marshallöarna
Wotje,Marshallöarna
Namdrik,Marshallöarna
Kili,Marshallöarna
Bucharest,Rumänien
Sector 3,Rumänien
Sector 6,Rumänien
Sector 2,Rumänien
Iaşi,Rumänien
Athens,Grekland
Thessaloníki,Grekland
Pátra,Grekland
Piraeus,Grekland
Lárisa,Grekland
Kabul,Afghanistan
Kandahār,Afghanistan
Mazār-e Sharīf,Afghanistan
Herāt,Afghanistan
Jalālābād,Afghanistan
Tokyo,Japan
Yokohama,Japan
Osaka,Japan
Nagoya,Japan
Sapporo,Japan
Sarajevo,Bosnien och Hercegovina
Banja Luka,Bosnien och Hercegovina
Zenica,Bosnien och Hercegovina
Tuzla,Bosnien och Hercegovina
Mostar,Bosnien och Hercegovina
Mexico City,Mexiko
Iztapalapa,Mexiko
Ecatepec de Morelos,Mexiko
Guadalajara,Mexiko
Puebla,Mexiko
Dededo Village,Guam
Yigo Village,Guam
Tamuning,Guam
Tamuning-Tumon-Harmon Village,Guam
Mangilao Village,Guam
Road Town,Brittiska Jungfruöarna
Dar es Salaam,Tanzania
Mwanza,Tanzania
Zanzibar,Tanzania
Arusha,Tanzania
Mbeya,Tanzania
Libreville,Gabon
Port-Gentil,Gabon
Franceville,Gabon
Oyem,Gabon
Moanda,Gabon
Auckland,Nya Zeeland
Wellington,Nya Zeeland
Christchurch,Nya Zeeland
Manukau City,Nya Zeeland
Waitakere,Nya Zeeland
Arijejen,Nauru
Menen,Nauru
Baiti,Nauru
Anabar,Nauru
Uaboe,Nauru
Tehran,Iran
Mashhad,Iran
Isfahan,Iran
Karaj,Iran
Tabriz,Iran
Kampala,Uganda
Gulu,Uganda
Lira,Uganda
Mbarara,Uganda
Jinja,Uganda
Chisinau,Moldavien
Tiraspol,Moldavien
Bălţi,Moldavien
Bender,Moldavien
Rîbniţa,Moldavien
Manama,Bahrain
Al Muharraq,Bahrain
Ar Rifā‘,Bahrain
Dār Kulayb,Bahrain
Madīnat Ḩamad,Bahrain
Saint Peter Port,Guernsey
Saint Sampson,Guernsey
Castel,Guernsey
St. Andrew`s,Guernsey
Saint Saviour,Guernsey
Nuuk,Grönland
Sisimiut,Grönland
Ilulissat,Grönland
Qaqortoq,Grönland
Aasiaat,Grönland
Maseru,Lesotho
Mafeteng,Lesotho
Leribe,Lesotho
Maputsoe,Lesotho
Mohale’s Hoek,Lesotho
Tarawa,Kiribati
Betio Village,Kiribati
Bikenibeu Village,Kiribati
Teaoraereke Village,Kiribati
Bairiki Village,Kiribati
Pristina,Kosovo
Prizren,Kosovo
Mitrovicë,Kosovo
Gjakovë,Kosovo
Suva Reka,Kosovo
Dili,Timor Leste
Maliana,Timor Leste
Suai,Timor Leste
Likisá,Timor Leste
Aileu,Timor Leste
Rome,Italien
Milan,Italien
Naples,Italien
Turin,Italien
Palermo,Italien
Ho Chi Minh City,Vietnam
Hanoi,Vietnam
Da Nang,Vietnam
Haiphong,Vietnam
Biên Hòa,Vietnam
Lilongwe,Malawi
Blantyre,Malawi
Mzuzu,Malawi
Zomba,Malawi
Kasungu,Malawi
Belgrade,Serbien
Niš,Serbien
Novi Sad,Serbien
Zemun,Serbien
Kragujevac,Serbien
Les Abymes,Guadeloupe
Baie-Mahault,Guadeloupe
Le Gosier,Guadeloupe
Petit-Bourg,Guadeloupe
Sainte-Anne,Guadeloupe
Cotonou,Benin
Abomey-Calavi,Benin
Djougou,Benin
Porto-Novo,Benin
Parakou,Benin
Jerusalem,Israel
Tel Aviv,Israel
West Jerusalem,Israel
Haifa,Israel
Ashdod,Israel
Paris,Frankrike
Marseille,Frankrike
Lyon,Frankrike
Toulouse,Frankrike
Nice,Frankrike
Saint-Denis,Réunion
Saint-Paul,Réunion
Saint-Pierre,Réunion
Le Tampon,Réunion
Saint-André,Réunion
Saint George,Bermuda
Mumbai,Indien
Delhi,Indien
Bengaluru,Indien
Kolkata,Indien
Chennai,Indien
Saint John’s,Antigua och Barbuda
All Saints,Antigua och Barbuda
Piggotts,Antigua och Barbuda
Liberta,Antigua och Barbuda
Bolands,Antigua och Barbuda
Colombo,Sri Lanka
Dehiwala-Mount Lavinia,Sri Lanka
Mount Lavinia,Sri Lanka
Galkissa,Sri Lanka
Moratuwa,Sri Lanka
Kralendijk,Bonaire
Dorp Antriol,Bonaire
Upper Hell's Gate,Bonaire
Dorp Rincón,Bonaire
Dorp Tera Kora,Bonaire
Amman,Jordanien
Zarqa,Jordanien
Irbid,Jordanien
Russeifa,Jordanien
Wādī as Sīr,Jordanien
Reykjavík,Island
Kópavogur,Island
Hafnarfjörður,Island
Akureyri,Island
Garðabær,Island
Bogotá,Colombia
Cali,Colombia
Medellín,Colombia
Barranquilla,Colombia
Cartagena,Colombia
Maputo,Moçambique
Matola,Moçambique
Beira,Moçambique
Nampula,Moçambique
Chimoio,Moçambique
Skopje,Makedonien
Bitola,Makedonien
Kumanovo,Makedonien
Prilep,Makedonien
Tetovo,Makedonien
Flying Fish Cove,Julön
São Paulo,Brasilien
Rio de Janeiro,Brasilien
Salvador,Brasilien
Fortaleza,Brasilien
Belo Horizonte,Brasilien
Antananarivo,Madagaskar
Toamasina,Madagaskar
Antsirabe,Madagaskar
Fianarantsoa,Madagaskar
Mahajanga,Madagaskar
Muscat,Oman
Seeb,Oman
Şalālah,Oman
Bawshar,Oman
Sohar,Oman
São Tomé,São Tomé och Príncipe
Santo António,São Tomé och Príncipe
São João dos Angolares,São Tomé och Príncipe
Almaty,Kazakstan
Karagandy,Kazakstan
Shymkent,Kazakstan
Taraz,Kazakstan
Astana,Kazakstan
Saint Croix,Amerikanska Jungfruöarna
Charlotte Amalie,Amerikanska Jungfruöarna
Cruz Bay,Amerikanska Jungfruöarna
Bandar Seri Begawan,Brunei
Kuala Belait,Brunei
Seria,Brunei
Tutong,Brunei
Kapok,Brunei
London,Storbritannien
Birmingham,Storbritannien
Liverpool,Storbritannien
Nottingham,Storbritannien
Sheffield,Storbritannien
Phnom Penh,Kambodja
Takeo,Kambodja
Sihanoukville,Kambodja
Battambang,Kambodja
Siem Reap,Kambodja
Casablanca,Marocko
Rabat,Marocko
Fès,Marocko
Sale,Marocko
Marrakesh,Marocko
Camayenne,Guinea
Conakry,Guinea
Nzérékoré,Guinea
Kindia,Guinea
Kankan,Guinea
Aleppo,Syrien
Damascus,Syrien
Homs,Syrien
Ḩamāh,Syrien
Latakia,Syrien
Serekunda,Gambia
Brikama,Gambia
Bakau,Gambia
Banjul,Gambia
Farafenni,Gambia
Brazzaville,Republiken Kongo
Pointe-Noire,Republiken Kongo
Dolisie,Republiken Kongo
Kayes,Republiken Kongo
Owando,Republiken Kongo
Tórshavn,Färöarna
Klaksvík,Färöarna
Hoyvík,Färöarna
Argir,Färöarna
Vágur,Färöarna
Addis Ababa,Etiopien
Dire Dawa,Etiopien
Mek'ele,Etiopien
Nazrēt,Etiopien
Bahir Dar,Etiopien
Mamoudzou,Mayotte
Koungou,Mayotte
Dzaoudzi,Mayotte
Dembeni,Mayotte
Pamandzi,Mayotte
Kinshasa,Demokratiska Republiken Kongo
Lubumbashi,Demokratiska Republiken Kongo
Mbuji-Mayi,Demokratiska Republiken Kongo
Kisangani,Demokratiska Republiken Kongo
Masina,Demokratiska Republiken Kongo
Birkirkara,Malta
Qormi,Malta
Mosta,Malta
Żabbar,Malta
San Pawl il-Baħar,Malta
Ashgabat,Turkmenistan
Türkmenabat,Turkmenistan
Daşoguz,Turkmenistan
Mary,Turkmenistan
Balkanabat,Turkmenistan
Jakarta,Indonesien
Surabaya,Indonesien
Medan,Indonesien
Bandung,Indonesien
Bekasi,Indonesien
Mata-Utu,Wallis och Futuna
Leava,Wallis och Futuna
Helsinki,Finland
Espoo,Finland
Tampere,Finland
Vantaa,Finland
Turku,Finland
San José,Costa Rica
Limón,Costa Rica
San Francisco,Costa Rica
Alajuela,Costa Rica
Liberia,Costa Rica
Port-aux-Français,Franska södra territorier
Gustavia,Saint Barthélemy
Laayoune,Västsahara
Dakhla,Västsahara
Laayoune Plage,Västsahara
Nassau,Bahamas
Lucaya,Bahamas
Freeport,Bahamas
West End,Bahamas
Cooper’s Town,Bahamas
Nairobi,Kenya
Mombasa,Kenya
Nakuru,Kenya
Eldoret,Kenya
Kisumu,Kenya
Atafu Village,Tokelauöarna
Nukunonu,Tokelauöarna
Fale old settlement,Tokelauöarna
Luxembourg,Luxemburg
Esch-sur-Alzette,Luxemburg
Dudelange,Luxemburg
Schifflange,Luxemburg
Bettembourg,Luxemburg
Sanaa,Jemen
Al Ḩudaydah,Jemen
Ta‘izz,Jemen
Aden,Jemen
Mukalla,Jemen
Lima,Peru
Arequipa,Peru
Callao,Peru
Trujillo,Peru
Chiclayo,Peru
Paramaribo,Surinam
Lelydorp,Surinam
Brokopondo,Surinam
Nieuw Nickerie,Surinam
Moengo,Surinam
Dublin,Irland
Cork,Irland
Dún Laoghaire,Irland
Luimneach,Irland
Gaillimh,Irland
Baghdad,Irak
Basrah,Irak
Al Mawşil al Jadīdah,Irak
Al Başrah al Qadīmah,Irak
Mosul,Irak
Ljubljana,Slovenien
Maribor,Slovenien
Celje,Slovenien
Kranj,Slovenien
Velenje,Slovenien
Tbilisi,Georgien
Kutaisi,Georgien
Batumi,Georgien
Sokhumi,Georgien
Zugdidi,Georgien
Serravalle,San Marino
Borgo Maggiore,San Marino
San Marino,San Marino
Domagnano,San Marino
Fiorentino,San Marino
Asmara,Eritrea
Keren,Eritrea
Massawa,Eritrea
Assab,Eritrea
Mendefera,Eritrea
Hong Kong,Hong Kong
Kowloon,Hong Kong
Tsuen Wan,Hong Kong
Yuen Long Kau Hui,Hong Kong
Tung Chung,Hong Kong
New York City,USA
Los Angeles,USA
Chicago,USA
Brooklyn,USA
Houston,USA
Bratislava,Slovakien
Košice,Slovakien
Prešov,Slovakien
Nitra,Slovakien
Žilina,Slovakien
Kyiv,Ukraina
Kharkiv,Ukraina
Dnipro,Ukraina
Donetsk,Ukraina
Odessa,Ukraina
Baku,Azerbajdzjan
Ganja,Azerbajdzjan
Sumqayıt,Azerbajdzjan
Lankaran,Azerbajdzjan
Mingelchaur,Azerbajdzjan
Riyadh,Saudiarabien
Jeddah,Saudiarabien
Mecca,Saudiarabien
Medina,Saudiarabien
Sulţānah,Saudiarabien
Nouméa,Nya Kaledonien
Mont-Dore,Nya Kaledonien
Dumbéa,Nya Kaledonien
Païta,Nya Kaledonien
Wé,Nya Kaledonien
Castries,Saint Lucia
Bisee,Saint Lucia
Vieux Fort,Saint Lucia
Micoud,Saint Lucia
Soufrière,Saint Lucia
Suva,Fiji
Lautoka,Fiji
Labasa,Fiji
Ba,Fiji
Levuka,Fiji
Port Erin,Isle of Man
Castletown,Isle of Man
Laxey,Isle of Man
Ballabeg,Isle of Man
Lezayre,Isle of Man
Montevideo,Uruguay
Salto,Uruguay
Paysandú,Uruguay
Las Piedras,Uruguay
Rivera,Uruguay
Roseau,Dominica
Portsmouth,Dominica
Marigot,Dominica
Berekua,Dominica
Mahaut,Dominica
Dhaka,Bangladesh
Chittagong,Bangladesh
Khulna,Bangladesh
Rājshāhi,Bangladesh
Comilla,Bangladesh
Bujumbura,Burundi
Muyinga,Burundi
Ruyigi,Burundi
Gitega,Burundi
Rutana,Burundi
Kigali,Rwanda
Butare,Rwanda
Gitarama,Rwanda
Musanze,Rwanda
Gisenyi,Rwanda
Cape Town,Sydafrika
Durban,Sydafrika
Johannesburg,Sydafrika
Soweto,Sydafrika
Pretoria,Sydafrika
Mogadishu,Somalia
Hargeysa,Somalia
Berbera,Somalia
Kismayo,Somalia
Marka,Somalia
Zagreb,Kroatien
Split,Kroatien
Rijeka,Kroatien
Osijek,Kroatien
Zadar,Kroatien
Havana,Kuba
Santiago de Cuba,Kuba
Camagüey,Kuba
Holguín,Kuba
Guantánamo,Kuba
Tripoli,Libyen
Benghazi,Libyen
Mişrātah,Libyen
Tarhuna,Libyen
Al Khums,Libyen
Vilnius,Litauen
Kaunas,Litauen
Klaipėda,Litauen
Šiauliai,Litauen
Panevėžys,Litauen
Copenhagen,Danmark
Århus,Danmark
Odense,Danmark
Aalborg,Danmark
Frederiksberg,Danmark
Bamako,Mali
Sikasso,Mali
Mopti,Mali
Koutiala,Mali
Ségou,Mali
Warsaw,Polen
Łódź,Polen
Kraków,Polen
Wrocław,Polen
Poznań,Polen
Tunis,Tunisien
Sfax,Tunisien
Sousse,Tunisien
Kairouan,Tunisien
Bizerte,Tunisien
Vienna,Österrike
Graz,Österrike
Linz,Österrike
Favoriten,Österrike
Donaustadt,Österrike
Abidjan,Elfenbenskusten
Abobo,Elfenbenskusten
Bouaké,Elfenbenskusten
Daloa,Elfenbenskusten
San-Pédro,Elfenbenskusten
Kingstown,Saint Vincent och Grenadinerna
Kingstown Park,Saint Vincent och Grenadinerna
Georgetown,Saint Vincent och Grenadinerna
Byera Village,Saint Vincent och Grenadinerna
Biabou,Saint Vincent och Grenadinerna
Asunción,Paraguay
Ciudad del Este,Paraguay
San Lorenzo,Paraguay
Capiatá,Paraguay
Lambaré,Paraguay
Bissau,Guinea-Bissau
Bafatá,Guinea-Bissau
Gabú,Guinea-Bissau
Bissorã,Guinea-Bissau
Bolama,Guinea-Bissau
Cockburn Town,Turks och Caicosöarna
Saipan,Nordmarianerna
San Jose Village,Nordmarianerna
Santiago,Chile
Puente Alto,Chile
Antofagasta,Chile
Viña del Mar,Chile
Valparaíso,Chile
Kathmandu,Nepal
Pokhara,Nepal
Pātan,Nepal
Biratnagar,Nepal
Birgañj,Nepal
Pago Pago,Amerikanska Samoa
Tāfuna,Amerikanska Samoa
Faleniu,Amerikanska Samoa
Aūa,Amerikanska Samoa
Mapusagafou,Amerikanska Samoa
Sydney,Australien
Melbourne,Australien
Brisbane,Australien
Perth,Australien
Adelaide,Australien
Kingston,Jamaica
New Kingston,Jamaica
Spanish Town,Jamaica
Portmore,Jamaica
Montego Bay,Jamaica
Faaa,Franska Polynesien
Papeete,Franska Polynesien
Punaauia,Franska Polynesien
Pirae,Franska Polynesien
Mahina,Franska Polynesien
Gaborone,Botswana
Francistown,Botswana
Molepolole,Botswana
Selebi-Phikwe,Botswana
Maun,Botswana
Fort-de-France,Martinique
Le Lamentin,Martinique
Le Robert,Martinique
Sainte-Marie,Martinique
Le François,Martinique
Bridgetown,Barbados
Speightstown,Barbados
Oistins,Barbados
Bathsheba,Barbados
Holetown,Barbados
Apia,Samoa
Asau,Samoa
Mulifanua,Samoa
Faleula,Samoa
Siusega,Samoa
Chaguanas,Trinidad och Tobago
Mon Repos,Trinidad och Tobago
San Fernando,Trinidad och Tobago
Port of Spain,Trinidad och Tobago
Rio Claro,Trinidad och Tobago
Dubai,Förenade Arabemiraten
Abu Dhabi,Förenade Arabemiraten
Sharjah,Förenade Arabemiraten
Al Ain,Förenade Arabemiraten
Ajman,Förenade Arabemiraten
Bishkek,Kirgizistan
Osh,Kirgizistan
Jalal-Abad,Kirgizistan
Karakol,Kirgizistan
Tokmok,Kirgizistan
Longyearbyen,Svalbard
Olonkinbyen,Svalbard
Tashkent,Uzbekistan
Namangan,Uzbekistan
Samarqand,Uzbekistan
Andijon,Uzbekistan
Bukhara,Uzbekistan
Jamestown,Sankt Helena
Georgetown,Sankt Helena
Edinburgh of the Seven Seas,Sankt Helena
Alofi,Niue
Vientiane,Laos
Pakse,Laos
Thakhèk,Laos
Savannakhét,Laos
Luang Prabang,Laos
Georgetown,Guyana
New Amsterdam,Guyana
Anna Regina,Guyana
Bartica,Guyana
Skeldon,Guyana
Seoul,Sydkorea
Busan,Sydkorea
Incheon,Sydkorea
Daegu,Sydkorea
Daejeon,Sydkorea
Accra,Ghana
Kumasi,Ghana
Tamale,Ghana
Takoradi,Ghana
Atsiaman,Ghana
Tirana,Albanien
Durrës,Albanien
Elbasan,Albanien
Vlorë,Albanien
Shkodër,Albanien
Yangon,Myanmar
Mandalay,Myanmar
Nay Pyi Taw,Myanmar
Mawlamyine,Myanmar
Kyain Seikgyi Township,Myanmar
Khartoum,Sudan
Omdurman,Sudan
Nyala,Sudan
Port Sudan,Sudan
Kassala,Sudan
Vatican City,Vatikanstaten
Honiara,Salomonöarna
Auki,Salomonöarna
Gizo,Salomonöarna
Buala,Salomonöarna
Tulagi,Salomonöarna
Avarua,Cooköarna
Toronto,Kanada
Montréal,Kanada
Calgary,Kanada
Ottawa,Kanada
Edmonton,Kanada
Praia,Kap Verde
Mindelo,Kap Verde
Santa Maria,Kap Verde
Cova Figueira,Kap Verde
Santa Cruz,Kap Verde
Podgorica,Montenegro
Nikšić,Montenegro
Herceg-Novi,Montenegro
Pljevlja,Montenegro
Budva,Montenegro
Nicosia,Cypern
Limassol,Cypern
Larnaca,Cypern
Famagusta,Cypern
Paphos,Cypern
Taipei,Taiwan
Kaohsiung,Taiwan
Taichung,Taiwan
Tainan,Taiwan
Banqiao,Taiwan
Doha,Qatar
Ar Rayyān,Qatar
Umm Şalāl Muḩammad,Qatar
Al Wakrah,Qatar
Al Khawr,Qatar
Prague,Tjeckien
Brno,Tjeckien
Ostrava,Tjeckien
Pilsen,Tjeckien
Olomouc,Tjeckien
Minsk,Vitryssland
Gomel,Vitryssland
Mahilyow,Vitryssland
Vitebsk,Vitryssland
Hrodna,Vitryssland
George Town,Caymanöarna
West Bay,Caymanöarna
Bodden Town,Caymanöarna
East End,Caymanöarna
North Side,Caymanöarna
Moutsamoudou,Komorerna
Fomboni,Komorerna
Domoni,Komorerna
Tsimbeo,Komorerna
Adda-Douéni,Komorerna
Al Aḩmadī,Kuwait
Ḩawallī,Kuwait
As Sālimīyah,Kuwait
Şabāḩ as Sālim,Kuwait
Al Farwānīyah,Kuwait
Willemstad,Curaçao
Sint Michiel Liber,Curaçao
Dorp Soto,Curaçao
Lisbon,Portugal
Porto,Portugal
Amadora,Portugal
Braga,Portugal
Setúbal,Portugal
Nuku‘alofa,Tonga
Neiafu,Tonga
Haveluloto,Tonga
Vaini,Tonga
Pangai,Tonga
Weno,Mikronesien
Tofol,Mikronesien
Colonia,Mikronesien
Kolonia,Mikronesien
Kolonia Town,Mikronesien
Bangkok,Thailand
Samut Prakan,Thailand
Mueang Nonthaburi,Thailand
Udon Thani,Thailand
Chon Buri,Thailand
Beirut,Libanon
Ra’s Bayrūt,Libanon
Tripoli,Libanon
Sidon,Libanon
Tyre,Libanon
West Island,Kokosöarna
Madrid,Spanien
Barcelona,Spanien
Valencia,Spanien
Sevilla,Spanien
Zaragoza,Spanien
Schaan,Liechtenstein
Vaduz,Liechtenstein
Triesen,Liechtenstein
Balzers,Liechtenstein
Eschen,Liechtenstein
Mariehamn,Åland Islands
Jomala,Åland Islands
Eckerö,Åland Islands
Föglö,Åland Islands
Brändö,Åland Islands
Moscow,Ryssland
Saint Petersburg,Ryssland
Novosibirsk,Ryssland
Yekaterinburg,Ryssland
Nizhniy Novgorod,Ryssland
Thimphu,Bhutan
Punākha,Bhutan
Tsirang,Bhutan
Phuntsholing,Bhutan
Pemagatshel,Bhutan
Male,Maldiverna
Fuvahmulah,Maldiverna
Hithadhoo,Maldiverna
Kulhudhuffushi,Maldiverna
Thinadhoo,Maldiverna
Lusaka,Zambia
Kitwe,Zambia
Ndola,Zambia
Kabwe,Zambia
Chingola,Zambia
Nouakchott,Mauretanien
Nouadhibou,Mauretanien
Néma,Mauretanien
Kaédi,Mauretanien
Kiffa,Mauretanien
Quezon City,Filippinerna
Manila,Filippinerna
Caloocan City,Filippinerna
Budta,Filippinerna
Davao,Filippinerna
Luanda,Angola
N’dalatando,Angola
Huambo,Angola
Lobito,Angola
Benguela,Angola
Port Louis,Mauritius
Beau Bassin-Rose Hill,Mauritius
Vacoas,Mauritius
Curepipe,Mauritius
Quatre Bornes,Mauritius
Saint George's,Grenada
Gouyave,Grenada
Saint David’s,Grenada
Sauteurs,Grenada
Hillsborough,Grenada
Port-Vila,Vanuatu
Luganville,Vanuatu
Norsup,Vanuatu
Port-Olry,Vanuatu
Isangel,Vanuatu
Marigot,Saint Martin
Ulan Bator,Mongoliet
Erdenet,Mongoliet
Darhan,Mongoliet
Khovd,Mongoliet
Ölgii,Mongoliet
Managua,Nicaragua
León,Nicaragua
Masaya,Nicaragua
Chinandega,Nicaragua
Matagalpa,Nicaragua
Koror,Palau
Koror Town,Palau
Kloulklubed,Palau
Ulimang,Palau
Mengellang,Palau
Cul de Sac,Sint Maarten
Lower Prince’s Quarter,Sint Maarten
Koolbaai,Sint Maarten
Philipsburg,Sint Maarten
Buenos Aires,Argentina
Córdoba,Argentina
Rosario,Argentina
Mendoza,Argentina
San Miguel de Tucumán,Argentina
Budapest,Ungern
Debrecen,Ungern
Miskolc,Ungern
Szeged,Ungern
Pécs,Ungern
Algiers,Algeriet
Boumerdas,Algeriet
Oran,Algeriet
Tébessa,Algeriet
Constantine,Algeriet
Bata,Ekvatorialguinea
Malabo,Ekvatorialguinea
Ebebiyin,Ekvatorialguinea
Aconibe,Ekvatorialguinea
Añisoc,Ekvatorialguinea
Caracas,Venezuela
Maracaibo,Venezuela
Maracay,Venezuela
Valencia,Venezuela
Barquisimeto,Venezuela
Karachi,Pakistan
Lahore,Pakistan
Faisalabad,Pakistan
Rawalpindi,Pakistan
Multan,Pakistan
San Juan,Puerto Rico
Bayamón,Puerto Rico
Carolina,Puerto Rico
Ponce,Puerto Rico
Caguas,Puerto Rico
Oranjestad,Aruba
Tanki Leendert,Aruba
San Nicolas,Aruba
Santa Cruz,Aruba
Paradera,Aruba
Brades,Montserrat
Saint Peters,Montserrat
Niamey,Niger
Zinder,Niger
Maradi,Niger
Agadez,Niger
Alaghsas,Niger
Cayenne,Franska Guyana
Matoury,Franska Guyana
Saint-Laurent-du-Maroni,Franska Guyana
Kourou,Franska Guyana
Rémire-Montjoly,Franska Guyana
Kota Bharu,Malaysia
Kuala Lumpur,Malaysia
Klang,Malaysia
Kampung Baru Subang,Malaysia
Johor Bahru,Malaysia
Sofia,Bulgarien
Plovdiv,Bulgarien
Varna,Bulgarien
Burgas,Bulgarien
Ruse,Bulgarien
Cairo,Egypten
Alexandria,Egypten
Giza,Egypten
Port Said,Egypten
Suez,Egypten
Santa Cruz de la Sierra,Bolivia
Cochabamba,Bolivia
La Paz,Bolivia
Sucre,Bolivia
Oruro,Bolivia
Monrovia,Liberia
Gbarnga,Liberia
Kakata,Liberia
Bensonville,Liberia
Voinjama,Liberia
Belize City,Belize
San Ignacio,Belize
Orange Walk,Belize
Belmopan,Belize
Dangriga,Belize
Anse Boileau,Seychellerna
Bel Ombre,Seychellerna
Beau Vallon,Seychellerna
Cascade,Seychellerna
Anse Royale,Seychellerna
Brussels,Belgien
Antwerpen,Belgien
Gent,Belgien
Charleroi,Belgien
Liège,Belgien
Port-au-Prince,Haiti
Carrefour,Haiti
Delmas 73,Haiti
Pétionville,Haiti
Port-de-Paix,Haiti
Yerevan,Armenien
Gyumri,Armenien
Vanadzor,Armenien
Vagharshapat,Armenien
Hrazdan,Armenien
Guatemala City,Guatemala
Mixco,Guatemala
Villa Nueva,Guatemala
Petapa,Guatemala
San Juan Sacatepéquez,Guatemala
Lagos,Nigeria
Kano,Nigeria
Ibadan,Nigeria
Kaduna,Nigeria
Port Harcourt,Nigeria
Panamá,Panama
San Miguelito,Panama
Juan Díaz,Panama
David,Panama
Arraiján,Panama
San Salvador,El Salvador
Soyapango,El Salvador
Santa Ana,El Salvador
San Miguel,El Salvador
Mejicanos,El Salvador
Harare,Zimbabwe
Bulawayo,Zimbabwe
Chitungwiza,Zimbabwe
Mutare,Zimbabwe
Gweru,Zimbabwe
Dakar,Senegal
Pikine,Senegal
Touba,Senegal
Thiès,Senegal
Thiès Nones,Senegal
Lomé,Togo
Sokodé,Togo
Kara,Togo
Atakpamé,Togo
Kpalimé,Togo
Tegucigalpa,Honduras
San Pedro Sula,Honduras
Choloma,Honduras
La Ceiba,Honduras
El Progreso,Honduras
Port Moresby,Papua Nya Guinea
Lae,Papua Nya Guinea
Arawa,Papua Nya Guinea
Mount Hagen,Papua Nya Guinea
Popondetta,Papua Nya Guinea
Istanbul,Turkiet
Ankara,Turkiet
İzmir,Turkiet
Bursa,Turkiet
Adana,Turkiet
